{"v":"5.9.0","fr":60,"ip":0,"op":119,"w":600,"h":500,"nm":"Komp 2","ddd":0,"assets":[{"id":"comp_0","nm":"Komp 1","fr":60,"layers":[{"ddd":0,"ind":1,"ty":5,"nm":"HAN.","sr":1,"ks":{"o":{"a":1,"k":[{"i":{"x":[0.833],"y":[0.833]},"o":{"x":[0.167],"y":[0.167]},"t":17,"s":[0]},{"t":47,"s":[100]}],"ix":11},"r":{"a":0,"k":0,"ix":10},"p":{"a":0,"k":[696.136,522.8,0],"ix":2,"l":2},"a":{"a":0,"k":[64.136,-17.2,0],"ix":1,"l":2},"s":{"a":0,"k":[100,100,100],"ix":6,"l":2}},"ao":0,"hasMask":true,"masksProperties":[{"inv":false,"mode":"a","pt":{"a":1,"k":[{"i":{"x":0.833,"y":0.833},"o":{"x":0.167,"y":0.167},"t":17,"s":[{"i":[[0,0],[0,0],[0,0],[0,0]],"o":[[0,0],[0,0],[0,0],[0,0]],"v":[[63.234,-53.604],[62.5,-53.811],[62.5,5.586],[63.234,5.793]],"c":true}]},{"t":47,"s":[{"i":[[0,0],[0,0],[0,0],[0,0]],"o":[[0,0],[0,0],[0,0],[0,0]],"v":[[133.234,-53.5],[-9,-53.604],[-9,5.793],[133.234,5.896]],"c":true}]}],"ix":1,"x":"var $bm_rt;\nvar eff, elastic, gravity, bounceMax, on_off, n, n, t, v, vl, vu, vu, tCur, segDur, tNext, numberOfBounces, delta, inOutExp;\ntry {\n    eff = effect('Bounce Controller');\n    elastic = $bm_div(eff(1), 200);\n    gravity = $bm_mul(eff(2), 150);\n    bounceMax = eff(3);\n    on_off = eff(4);\n    $bm_rt = n = 0;\n    if (numKeys > 0) {\n        $bm_rt = n = nearestKey(time).index;\n        if (key(n).time > time) {\n            n--;\n        }\n    }\n    if (n > 0) {\n        t = $bm_sub(time, key(n).time);\n        v = $bm_mul($bm_neg(velocityAtTime($bm_sub(key(n).time, 0.001))), elastic);\n        vl = length(v);\n        if ($bm_isInstanceOfArray(value)) {\n            vu = vl > 0 ? normalize(v) : [\n                0,\n                0,\n                0\n            ];\n        } else {\n            vu = v < 0 ? -1 : 1;\n        }\n        tCur = 0;\n        segDur = $bm_div($bm_mul(2, vl), gravity);\n        tNext = segDur;\n        numberOfBounces = 1;\n        while (tNext < t && numberOfBounces <= bounceMax) {\n            vl *= elastic;\n            segDur *= elastic;\n            tCur = tNext;\n            tNext = $bm_sum(tNext, segDur);\n            numberOfBounces++;\n        }\n        if (numberOfBounces <= bounceMax) {\n            delta = $bm_sub(t, tCur);\n            $bm_rt = inOutExp = $bm_mul($bm_mul(vu, delta), $bm_sub(vl, $bm_div($bm_mul(gravity, delta), 2)));\n            if (on_off == 1) {\n                $bm_rt = value = $bm_sub(value, inOutExp);\n            } else {\n                $bm_rt = value = $bm_sum(value, inOutExp);\n            }\n        } else {\n            $bm_rt = value = value;\n        }\n    } else {\n        $bm_rt = value = value;\n    }\n} catch (e$$4) {\n    $bm_rt = value = value;\n}"},"o":{"a":0,"k":100,"ix":3},"x":{"a":0,"k":0,"ix":4},"nm":"Maske 1"}],"ef":[{"ty":5,"nm":"Bounce Controller","np":6,"mn":"Pseudo/MDS Bounce Controller","ix":1,"en":1,"ef":[{"ty":0,"nm":"Amplitude","mn":"Pseudo/MDS Bounce Controller-0001","ix":1,"v":{"a":0,"k":66,"ix":1}},{"ty":0,"nm":"Gravity","mn":"Pseudo/MDS Bounce Controller-0002","ix":2,"v":{"a":0,"k":3,"ix":2}},{"ty":0,"nm":"Max Jumps","mn":"Pseudo/MDS Bounce Controller-0003","ix":3,"v":{"a":0,"k":5,"ix":3}},{"ty":7,"nm":"Jump In/Out","mn":"Pseudo/MDS Bounce Controller-0004","ix":4,"v":{"a":0,"k":0,"ix":4}}]}],"t":{"d":{"k":[{"s":{"s":50,"f":"SegoeUI-Bold","t":"HAN.","ca":0,"j":0,"tr":0,"lh":60.0000038146973,"ls":0,"fc":[0,0,0]},"t":0}]},"p":{},"m":{"g":1,"a":{"a":0,"k":[0,0],"ix":2}},"a":[]},"ip":0,"op":3600,"st":0,"bm":0},{"ddd":0,"ind":2,"ty":4,"nm":"Formebene 2","sr":1,"ks":{"o":{"a":0,"k":100,"ix":11},"r":{"a":0,"k":0,"ix":10},"p":{"a":0,"k":[691.332,519.332,0],"ix":2,"l":2},"a":{"a":0,"k":[108.332,-74.668,0],"ix":1,"l":2},"s":{"a":1,"k":[{"i":{"x":[0.833,0.833,0.833],"y":[0.833,0.833,0.833]},"o":{"x":[0.167,0.167,0.167],"y":[0.167,0.167,0.167]},"t":0,"s":[10,10,100]},{"t":17,"s":[100,100,100]}],"ix":6,"l":2,"x":"var $bm_rt;\nvar eff, elastic, gravity, bounceMax, on_off, n, n, t, v, vl, vu, vu, tCur, segDur, tNext, numberOfBounces, delta, inOutExp;\ntry {\n    eff = effect('Bounce Controller 2');\n    elastic = $bm_div(eff(1), 200);\n    gravity = $bm_mul(eff(2), 150);\n    bounceMax = eff(3);\n    on_off = eff(4);\n    $bm_rt = n = 0;\n    if (numKeys > 0) {\n        $bm_rt = n = nearestKey(time).index;\n        if (key(n).time > time) {\n            n--;\n        }\n    }\n    if (n > 0) {\n        t = $bm_sub(time, key(n).time);\n        v = $bm_mul($bm_neg(velocityAtTime($bm_sub(key(n).time, 0.001))), elastic);\n        vl = length(v);\n        if ($bm_isInstanceOfArray(value)) {\n            vu = vl > 0 ? normalize(v) : [\n                0,\n                0,\n                0\n            ];\n        } else {\n            vu = v < 0 ? -1 : 1;\n        }\n        tCur = 0;\n        segDur = $bm_div($bm_mul(2, vl), gravity);\n        tNext = segDur;\n        numberOfBounces = 1;\n        while (tNext < t && numberOfBounces <= bounceMax) {\n            vl *= elastic;\n            segDur *= elastic;\n            tCur = tNext;\n            tNext = $bm_sum(tNext, segDur);\n            numberOfBounces++;\n        }\n        if (numberOfBounces <= bounceMax) {\n            delta = $bm_sub(t, tCur);\n            $bm_rt = inOutExp = $bm_mul($bm_mul(vu, delta), $bm_sub(vl, $bm_div($bm_mul(gravity, delta), 2)));\n            if (on_off == 1) {\n                $bm_rt = value = $bm_sub(value, inOutExp);\n            } else {\n                $bm_rt = value = $bm_sum(value, inOutExp);\n            }\n        } else {\n            $bm_rt = value = value;\n        }\n    } else {\n        $bm_rt = value = value;\n    }\n} catch (e$$4) {\n    $bm_rt = value = value;\n}"}},"ao":0,"ef":[{"ty":5,"nm":"Bounce Controller","np":6,"mn":"Pseudo/MDS Bounce Controller","ix":1,"en":1,"ef":[{"ty":0,"nm":"Amplitude","mn":"Pseudo/MDS Bounce Controller-0001","ix":1,"v":{"a":0,"k":66,"ix":1}},{"ty":0,"nm":"Gravity","mn":"Pseudo/MDS Bounce Controller-0002","ix":2,"v":{"a":0,"k":3,"ix":2}},{"ty":0,"nm":"Max Jumps","mn":"Pseudo/MDS Bounce Controller-0003","ix":3,"v":{"a":0,"k":5,"ix":3}},{"ty":7,"nm":"Jump In/Out","mn":"Pseudo/MDS Bounce Controller-0004","ix":4,"v":{"a":0,"k":0,"ix":4}}]},{"ty":5,"nm":"Bounce Controller 2","np":6,"mn":"Pseudo/MDS Bounce Controller","ix":2,"en":1,"ef":[{"ty":0,"nm":"Amplitude","mn":"Pseudo/MDS Bounce Controller-0001","ix":1,"v":{"a":0,"k":50,"ix":1}},{"ty":0,"nm":"Gravity","mn":"Pseudo/MDS Bounce Controller-0002","ix":2,"v":{"a":0,"k":15,"ix":2}},{"ty":0,"nm":"Max Jumps","mn":"Pseudo/MDS Bounce Controller-0003","ix":3,"v":{"a":0,"k":5,"ix":3}},{"ty":7,"nm":"Jump In/Out","mn":"Pseudo/MDS Bounce Controller-0004","ix":4,"v":{"a":0,"k":0,"ix":4}}]}],"shapes":[{"ty":"gr","it":[{"ty":"rc","d":1,"s":{"a":1,"k":[{"i":{"x":[0.833,0.833],"y":[0.833,0.833]},"o":{"x":[0.167,0.167],"y":[0.167,0.167]},"t":17,"s":[254.664,254.664]},{"t":47,"s":[400,254.664]}],"ix":2,"x":"var $bm_rt;\nvar eff, elastic, gravity, bounceMax, on_off, n, n, t, v, vl, vu, vu, tCur, segDur, tNext, numberOfBounces, delta, inOutExp;\ntry {\n    eff = effect('Bounce Controller');\n    elastic = $bm_div(eff(1), 200);\n    gravity = $bm_mul(eff(2), 150);\n    bounceMax = eff(3);\n    on_off = eff(4);\n    $bm_rt = n = 0;\n    if (numKeys > 0) {\n        $bm_rt = n = nearestKey(time).index;\n        if (key(n).time > time) {\n            n--;\n        }\n    }\n    if (n > 0) {\n        t = $bm_sub(time, key(n).time);\n        v = $bm_mul($bm_neg(velocityAtTime($bm_sub(key(n).time, 0.001))), elastic);\n        vl = length(v);\n        if ($bm_isInstanceOfArray(value)) {\n            vu = vl > 0 ? normalize(v) : [\n                0,\n                0,\n                0\n            ];\n        } else {\n            vu = v < 0 ? -1 : 1;\n        }\n        tCur = 0;\n        segDur = $bm_div($bm_mul(2, vl), gravity);\n        tNext = segDur;\n        numberOfBounces = 1;\n        while (tNext < t && numberOfBounces <= bounceMax) {\n            vl *= elastic;\n            segDur *= elastic;\n            tCur = tNext;\n            tNext = $bm_sum(tNext, segDur);\n            numberOfBounces++;\n        }\n        if (numberOfBounces <= bounceMax) {\n            delta = $bm_sub(t, tCur);\n            $bm_rt = inOutExp = $bm_mul($bm_mul(vu, delta), $bm_sub(vl, $bm_div($bm_mul(gravity, delta), 2)));\n            if (on_off == 1) {\n                $bm_rt = value = $bm_sub(value, inOutExp);\n            } else {\n                $bm_rt = value = $bm_sum(value, inOutExp);\n            }\n        } else {\n            $bm_rt = value = value;\n        }\n    } else {\n        $bm_rt = value = value;\n    }\n} catch (e$$4) {\n    $bm_rt = value = value;\n}"},"p":{"a":0,"k":[0,0],"ix":3},"r":{"a":1,"k":[{"i":{"x":[0.833],"y":[0.833]},"o":{"x":[0.167],"y":[0.167]},"t":17,"s":[174]},{"t":47,"s":[174]}],"ix":4},"nm":"Rechteckpfad: 1","mn":"ADBE Vector Shape - Rect","hd":false},{"ty":"st","c":{"a":0,"k":[1,1,1,1],"ix":3},"o":{"a":0,"k":100,"ix":4},"w":{"a":0,"k":2,"ix":5},"lc":1,"lj":1,"ml":4,"bm":0,"nm":"Kontur 1","mn":"ADBE Vector Graphic - Stroke","hd":false},{"ty":"fl","c":{"a":0,"k":[0.992156862745,0.945098039216,0.125490196078,1],"ix":4},"o":{"a":0,"k":100,"ix":5},"r":1,"bm":0,"nm":"Fläche 1","mn":"ADBE Vector Graphic - Fill","hd":false},{"ty":"tr","p":{"a":0,"k":[-16.652,-74.668],"ix":2},"a":{"a":0,"k":[-124.984,0],"ix":1},"s":{"a":0,"k":[100,100],"ix":3},"r":{"a":0,"k":0,"ix":6},"o":{"a":0,"k":100,"ix":7},"sk":{"a":0,"k":0,"ix":4},"sa":{"a":0,"k":0,"ix":5},"nm":"Transformieren"}],"nm":"Rechteck 1","np":3,"cix":2,"bm":0,"ix":1,"mn":"ADBE Vector Group","hd":false}],"ip":0,"op":3600,"st":0,"bm":0}]}],"fonts":{"list":[{"fName":"SegoeUI-Bold","fFamily":"Segoe UI","fStyle":"Bold","ascent":74.0234375}]},"layers":[{"ddd":0,"ind":1,"ty":0,"nm":"Komp 1","refId":"comp_0","sr":1,"ks":{"o":{"a":0,"k":100,"ix":11},"r":{"a":0,"k":0,"ix":10},"p":{"a":0,"k":[338,268,0],"ix":2,"l":2},"a":{"a":0,"k":[725,540,0],"ix":1,"l":2},"s":{"a":0,"k":[100,100,100],"ix":6,"l":2}},"ao":0,"w":1450,"h":1080,"ip":0,"op":3600,"st":0,"bm":0}],"markers":[],"chars":[{"ch":"H","size":50,"style":"Bold","w":76.61,"data":{"shapes":[{"ty":"gr","it":[{"ind":0,"ty":"sh","ix":1,"ks":{"a":0,"k":{"i":[[0,0],[0,0],[0,0],[0,0],[0,0],[0,0],[0,0],[0,0],[0,0],[0,0],[0,0],[0,0]],"o":[[0,0],[0,0],[0,0],[0,0],[0,0],[0,0],[0,0],[0,0],[0,0],[0,0],[0,0],[0,0]],"v":[[68.604,-70.02],[52.783,-70.02],[52.783,-42.09],[23.779,-42.09],[23.779,-70.02],[8.008,-70.02],[8.008,0],[23.779,0],[23.779,-28.516],[52.783,-28.516],[52.783,0],[68.604,0]],"c":true},"ix":2},"nm":"H","mn":"ADBE Vector Shape - Group","hd":false}],"nm":"H","np":3,"cix":2,"bm":0,"ix":1,"mn":"ADBE Vector Group","hd":false}]},"fFamily":"Segoe UI"},{"ch":"A","size":50,"style":"Bold","w":70.31,"data":{"shapes":[{"ty":"gr","it":[{"ind":0,"ty":"sh","ix":1,"ks":{"a":0,"k":{"i":[[0,0],[0,0],[0,0],[0,0],[0,0],[0,0],[0,0],[0,0]],"o":[[0,0],[0,0],[0,0],[0,0],[0,0],[0,0],[0,0],[0,0]],"v":[[44.678,-70.02],[25.977,-70.02],[0.488,0],[17.578,0],[22.51,-15.576],[47.412,-15.576],[52.393,0],[69.58,0]],"c":true},"ix":2},"nm":"A","mn":"ADBE Vector Shape - Group","hd":false},{"ind":1,"ty":"sh","ix":2,"ks":{"a":0,"k":{"i":[[0,0],[0,0],[-0.163,2.051],[0,0],[-0.554,-1.758],[0,0]],"o":[[0,0],[0.651,-2.018],[0,0],[0.227,2.441],[0,0],[0,0]],"v":[[25.879,-27.686],[33.496,-51.416],[34.717,-57.52],[35.107,-57.52],[36.279,-51.221],[43.799,-27.686]],"c":true},"ix":2},"nm":"A","mn":"ADBE Vector Shape - Group","hd":false}],"nm":"A","np":5,"cix":2,"bm":0,"ix":1,"mn":"ADBE Vector Group","hd":false}]},"fFamily":"Segoe UI"},{"ch":"N","size":50,"style":"Bold","w":79,"data":{"shapes":[{"ty":"gr","it":[{"ind":0,"ty":"sh","ix":1,"ks":{"a":0,"k":{"i":[[0,0],[0,0],[0,0],[-0.261,-1.627],[0,0],[1.27,1.921],[0,0],[0,0],[0,0],[0,0],[0,0],[0.26,2.474],[0,0],[-1.693,-2.571],[0,0],[0,0]],"o":[[0,0],[0,0],[0,4.785],[0,0],[-1.074,-1.888],[0,0],[0,0],[0,0],[0,0],[0,0],[0,-5.078],[0,0],[0.651,1.302],[0,0],[0,0],[0,0]],"v":[[70.996,-70.02],[56.104,-70.02],[56.104,-31.299],[56.494,-21.68],[56.299,-21.68],[52.783,-27.393],[25,-70.02],[8.008,-70.02],[8.008,0],[22.9,0],[22.9,-38.477],[22.51,-49.805],[22.705,-49.805],[26.221,-43.994],[55.078,0],[70.996,0]],"c":true},"ix":2},"nm":"N","mn":"ADBE Vector Shape - Group","hd":false}],"nm":"N","np":3,"cix":2,"bm":0,"ix":1,"mn":"ADBE Vector Group","hd":false}]},"fFamily":"Segoe UI"},{"ch":".","size":50,"style":"Bold","w":27.1,"data":{"shapes":[{"ty":"gr","it":[{"ind":0,"ty":"sh","ix":1,"ks":{"a":0,"k":{"i":[[-1.709,1.514],[0,2.377],[1.676,1.514],[2.637,0],[1.741,-1.497],[0,-2.344],[-1.693,-1.562],[-2.539,0]],"o":[[1.709,-1.514],[0,-2.311],[-1.677,-1.514],[-2.605,0],[-1.742,1.498],[0,2.279],[1.692,1.562],[2.734,0]],"v":[[20.044,-1.05],[22.607,-6.885],[20.093,-12.622],[13.623,-14.893],[7.104,-12.646],[4.492,-6.885],[7.031,-1.123],[13.379,1.221]],"c":true},"ix":2},"nm":".","mn":"ADBE Vector Shape - Group","hd":false}],"nm":".","np":3,"cix":2,"bm":0,"ix":1,"mn":"ADBE Vector Group","hd":false}]},"fFamily":"Segoe UI"}]}