{"0":{"url":"","alt":""},"689623":{"url":"/assets/images/eterminal.webp","alt":""},"i265000c5":{"url":"/assets/images/gruppe-maskieren-3110.webp","alt":""},"i52ed84c5":{"url":"/assets/images/gruppe-maskieren-3231.webp","alt":""},"2a1d34b7":{"url":"/assets/images/img_1920.png","alt":""},"4490379b":{"url":"/assets/images/close_fill0_wght400_grad0_opsz24-1.svg","alt":""},"-6fca93f6":{"url":"/assets/images/w-logo-2.webp","alt":"dr comoi logo"},"-788b1ff6":{"url":"/assets/images/neu-logo.svg","alt":"dr.comoi, logo"},"-57a23f7":{"url":"/assets/images/gruppe-maskieren-3186.png","alt":""},"268f4f29":{"url":"/assets/images/gruppe-maskieren-3230.png","alt":""},"-784ac441":{"url":"/assets/images/gruppe-maskieren-3194.webp","alt":""},"-1dc7c5aa":{"url":"/assets/images/gruppe-maskieren-3115.webp","alt":""},"-213176e8":{"url":"/assets/images/gruppe-maskieren-3113.webp","alt":""},"-16fd7604":{"url":"/assets/images/gruppe-maskieren-3164.webp","alt":""},"2ab38c95":{"url":"/assets/images/ticketsystem.webp","alt":""},"-75705a5f":{"url":"/assets/images/photoapp.webp","alt":""},"-137c0172":{"url":"/assets/images/linkedin.svg","alt":""},"-5d794ba2":{"url":"/assets/images/square-whatsapp.svg","alt":""},"b2f1c72":{"url":"/assets/images/weixin.svg","alt":""},"26b995ac":{"url":"/assets/images/gruppe-maskieren-3233.png","alt":""},"-7171ab23":{"url":"/assets/images/download.png","alt":""},"-29262065":{"url":"/assets/images/hanchen_xing.png","alt":""},"-7ecdf07d":{"url":"/assets/images/dokument_2023-10-20_235051.webp","alt":""},"1a24c345":{"url":"/assets/images/bildschirmfoto-2023-10-10-um-00.29.28.png","alt":""},"-2b1beb3c":{"url":"https://d3e54v103j8qbb.cloudfront.net/static/page-not-found.211a85e40c.svg","alt":""},"-59bbcb0c":{"url":"/assets/images/check_circle_fill0_wght400_grad0_opsz24.svg","alt":""},"-376761a9":{"url":"/assets/images/undo_fill0_wght400_grad0_opsz24.svg","alt":""},"28e72fa1":{"url":"/assets/images/img_1919.png","alt":""},"-637bb1bc":{"url":"/assets/images/mark_email_read_fill0_wght400_grad0_opsz24.svg","alt":""}}